,Survived,Pclass,Sex,Age,SibSp,Parch,Fare,Embarked
0,0,3,male,Adult,1,0,Cheap,S
1,1,1,female,Adult,1,0,Medium,C
2,1,3,female,Adult,0,0,Cheap,S
3,1,1,female,Adult,1,0,Medium,S
4,0,3,male,Adult,0,0,Cheap,S
5,0,3,male,missing,0,0,Cheap,Q
6,0,1,male,Adult,0,0,Medium,S
7,0,3,male,Baby,3,1,Medium,S
8,1,3,female,Adult,0,2,Cheap,S
9,1,2,female,Child,1,0,Medium,C
10,1,3,female,Child,1,1,Cheap,S
11,1,1,female,Adult,0,0,Medium,S
12,0,3,male,Adult,0,0,Cheap,S
13,0,3,male,Adult,1,5,Medium,S
14,0,3,female,Child,0,0,Cheap,S
15,1,2,female,Adult,0,0,Cheap,S
16,0,3,male,Baby,4,1,Medium,Q
17,1,2,male,missing,0,0,Cheap,S
18,0,3,female,Adult,1,0,Cheap,S
19,1,3,female,missing,0,0,Cheap,C
20,0,2,male,Adult,0,0,Medium,S
21,1,2,male,Adult,0,0,Cheap,S
22,1,3,female,Child,0,0,Cheap,Q
23,1,1,male,Adult,0,0,Medium,S
24,0,3,female,Child,3,1,Medium,S
25,1,3,female,Adult,1,5,Medium,S
26,0,3,male,missing,0,0,Cheap,C
27,0,1,male,Adult,3,2,Pricey,S
28,1,3,female,missing,0,0,Cheap,Q
29,0,3,male,missing,0,0,Cheap,S
30,0,1,male,Adult,0,0,Medium,C
31,1,1,female,missing,1,0,Pricey,C
32,1,3,female,missing,0,0,Cheap,Q
33,0,2,male,Elderly,0,0,Cheap,S
34,0,1,male,Adult,1,0,Medium,C
35,0,1,male,Adult,1,0,Medium,S
36,1,3,male,missing,0,0,Cheap,C
37,0,3,male,Adult,0,0,Cheap,S
38,0,3,female,Adult,2,0,Cheap,S
39,1,3,female,Child,1,0,Cheap,C
40,0,3,female,Adult,1,0,Cheap,S
41,0,2,female,Adult,1,0,Medium,S
42,0,3,male,missing,0,0,Cheap,C
43,1,2,female,Child,1,2,Medium,C
44,1,3,female,Adult,0,0,Cheap,Q
45,0,3,male,missing,0,0,Cheap,S
46,0,3,male,missing,1,0,Cheap,Q
47,1,3,female,missing,0,0,Cheap,Q
48,0,3,male,missing,2,0,Medium,C
49,0,3,female,Adult,1,0,Cheap,S
50,0,3,male,Child,4,1,Medium,S
51,0,3,male,Adult,0,0,Cheap,S
52,1,1,female,Adult,1,0,Medium,C
53,1,2,female,Adult,1,0,Medium,S
54,0,1,male,Adult,0,1,Medium,C
55,1,1,male,missing,0,0,Medium,S
56,1,2,female,Adult,0,0,Cheap,S
57,0,3,male,Adult,0,0,Cheap,C
58,1,2,female,Child,1,2,Medium,S
59,0,3,male,Child,5,2,Medium,S
60,0,3,male,Adult,0,0,Cheap,C
61,1,1,female,Adult,0,0,Medium,S
62,0,1,male,Adult,1,0,Medium,S
63,0,3,male,Child,3,2,Medium,S
64,0,1,male,missing,0,0,Medium,C
65,1,3,male,missing,1,1,Cheap,C
66,1,2,female,Adult,0,0,Cheap,S
67,0,3,male,Adult,0,0,Cheap,S
68,1,3,female,Child,4,2,Cheap,S
69,0,3,male,Adult,2,0,Cheap,S
70,0,2,male,Adult,0,0,Cheap,S
71,0,3,female,Child,5,2,Medium,S
72,0,2,male,Adult,0,0,Medium,S
73,0,3,male,Adult,1,0,Cheap,C
74,1,3,male,Adult,0,0,Medium,S
75,0,3,male,Adult,0,0,Cheap,S
76,0,3,male,missing,0,0,Cheap,S
77,0,3,male,missing,0,0,Cheap,S
78,1,2,male,Baby,0,2,Medium,S
79,1,3,female,Adult,0,0,Cheap,S
80,0,3,male,Adult,0,0,Cheap,S
81,1,3,male,Adult,0,0,Cheap,S
82,1,3,female,missing,0,0,Cheap,Q
83,0,1,male,Adult,0,0,Medium,S
84,1,2,female,Child,0,0,Cheap,S
85,1,3,female,Adult,3,0,Cheap,S
86,0,3,male,Child,1,3,Medium,S
87,0,3,male,missing,0,0,Cheap,S
88,1,1,female,Adult,3,2,Pricey,S
89,0,3,male,Adult,0,0,Cheap,S
90,0,3,male,Adult,0,0,Cheap,S
91,0,3,male,Adult,0,0,Cheap,S
92,0,1,male,Adult,1,0,Medium,S
93,0,3,male,Adult,1,2,Medium,S
94,0,3,male,Adult,0,0,Cheap,S
95,0,3,male,missing,0,0,Cheap,S
96,0,1,male,Elderly,0,0,Medium,C
97,1,1,male,Adult,0,1,Medium,C
98,1,2,female,Adult,0,1,Medium,S
99,0,2,male,Adult,1,0,Medium,S
100,0,3,female,Adult,0,0,Cheap,S
101,0,3,male,missing,0,0,Cheap,S
102,0,1,male,Adult,0,1,Medium,S
103,0,3,male,Adult,0,0,Cheap,S
104,0,3,male,Adult,2,0,Cheap,S
105,0,3,male,Adult,0,0,Cheap,S
106,1,3,female,Adult,0,0,Cheap,S
107,1,3,male,missing,0,0,Cheap,S
108,0,3,male,Adult,0,0,Cheap,S
109,1,3,female,missing,1,0,Medium,Q
110,0,1,male,Adult,0,0,Medium,S
111,0,3,female,Child,1,0,Cheap,C
112,0,3,male,Adult,0,0,Cheap,S
113,0,3,female,Adult,1,0,Cheap,S
114,0,3,female,Child,0,0,Cheap,C
115,0,3,male,Adult,0,0,Cheap,S
116,0,3,male,Elderly,0,0,Cheap,Q
117,0,2,male,Adult,1,0,Medium,S
118,0,1,male,Adult,0,1,Pricey,C
119,0,3,female,Baby,4,2,Medium,S
120,0,2,male,Adult,2,0,Medium,S
121,0,3,male,missing,0,0,Cheap,S
122,0,2,male,Adult,1,0,Medium,C
123,1,2,female,Adult,0,0,Cheap,S
124,0,1,male,Adult,0,1,Medium,S
125,1,3,male,Child,1,0,Cheap,C
126,0,3,male,missing,0,0,Cheap,Q
127,1,3,male,Adult,0,0,Cheap,S
128,1,3,female,missing,1,1,Medium,C
129,0,3,male,Adult,0,0,Cheap,S
130,0,3,male,Adult,0,0,Cheap,C
131,0,3,male,Adult,0,0,Cheap,S
132,0,3,female,Adult,1,0,Cheap,S
133,1,2,female,Adult,1,0,Medium,S
134,0,2,male,Adult,0,0,Cheap,S
135,0,2,male,Adult,0,0,Cheap,C
136,1,1,female,Adult,0,2,Medium,S
137,0,1,male,Adult,1,0,Medium,S
138,0,3,male,Child,0,0,Cheap,S
139,0,1,male,Adult,0,0,Medium,C
140,0,3,female,missing,0,2,Cheap,C
141,1,3,female,Adult,0,0,Cheap,S
142,1,3,female,Adult,1,0,Cheap,S
143,0,3,male,Adult,0,0,Cheap,Q
144,0,2,male,Adult,0,0,Cheap,S
145,0,2,male,Adult,1,1,Medium,S
146,1,3,male,Adult,0,0,Cheap,S
147,0,3,female,Child,2,2,Medium,S
148,0,2,male,Adult,0,2,Medium,S
149,0,2,male,Adult,0,0,Cheap,S
150,0,2,male,Adult,0,0,Cheap,S
151,1,1,female,Adult,1,0,Medium,S
152,0,3,male,Adult,0,0,Cheap,S
153,0,3,male,Adult,0,2,Cheap,S
154,0,3,male,missing,0,0,Cheap,S
155,0,1,male,Adult,0,1,Medium,C
156,1,3,female,Child,0,0,Cheap,Q
157,0,3,male,Adult,0,0,Cheap,S
158,0,3,male,missing,0,0,Cheap,S
159,0,3,male,missing,8,2,Medium,S
160,0,3,male,Adult,0,1,Cheap,S
161,1,2,female,Adult,0,0,Cheap,S
162,0,3,male,Adult,0,0,Cheap,S
163,0,3,male,Child,0,0,Cheap,S
164,0,3,male,Baby,4,1,Medium,S
165,1,3,male,Child,0,2,Medium,S
166,1,1,female,missing,0,1,Medium,S
167,0,3,female,Adult,1,4,Medium,S
168,0,1,male,missing,0,0,Medium,S
169,0,3,male,Adult,0,0,Medium,S
170,0,1,male,Adult,0,0,Medium,S
171,0,3,male,Child,4,1,Medium,Q
172,1,3,female,Baby,1,1,Cheap,S
173,0,3,male,Adult,0,0,Cheap,S
174,0,1,male,Adult,0,0,Medium,C
175,0,3,male,Adult,1,1,Cheap,S
176,0,3,male,missing,3,1,Medium,S
177,0,1,female,Adult,0,0,Medium,C
178,0,2,male,Adult,0,0,Cheap,S
179,0,3,male,Adult,0,0,missing,S
180,0,3,female,missing,8,2,Medium,S
181,0,2,male,missing,0,0,Cheap,C
182,0,3,male,Child,4,2,Medium,S
183,1,2,male,Baby,2,1,Medium,S
184,1,3,female,Child,0,2,Medium,S
185,0,1,male,missing,0,0,Medium,S
186,1,3,female,missing,1,0,Cheap,Q
187,1,1,male,Adult,0,0,Medium,S
188,0,3,male,Adult,1,1,Cheap,Q
189,0,3,male,Adult,0,0,Cheap,S
190,1,2,female,Adult,0,0,Cheap,S
191,0,2,male,Adult,0,0,Cheap,S
192,1,3,female,Adult,1,0,Cheap,S
193,1,2,male,Child,1,1,Medium,S
194,1,1,female,Adult,0,0,Medium,C
195,1,1,female,Adult,0,0,Pricey,C
196,0,3,male,missing,0,0,Cheap,Q
197,0,3,male,Adult,0,1,Cheap,S
198,1,3,female,missing,0,0,Cheap,Q
199,0,2,female,Adult,0,0,Cheap,S
200,0,3,male,Adult,0,0,Cheap,S
201,0,3,male,missing,8,2,Medium,S
202,0,3,male,Adult,0,0,Cheap,S
203,0,3,male,Adult,0,0,Cheap,C
204,1,3,male,Adult,0,0,Cheap,S
205,0,3,female,Baby,0,1,Cheap,S
206,0,3,male,Adult,1,0,Cheap,S
207,1,3,male,Adult,0,0,Cheap,C
208,1,3,female,Child,0,0,Cheap,Q
209,1,1,male,Adult,0,0,Medium,C
210,0,3,male,Adult,0,0,Cheap,S
211,1,2,female,Adult,0,0,Medium,S
212,0,3,male,Adult,0,0,Cheap,S
213,0,2,male,Adult,0,0,Cheap,S
214,0,3,male,missing,1,0,Cheap,Q
215,1,1,female,Adult,1,0,Pricey,C
216,1,3,female,Adult,0,0,Cheap,S
217,0,2,male,Adult,1,0,Medium,S
218,1,1,female,Adult,0,0,Medium,C
219,0,2,male,Adult,0,0,Cheap,S
220,1,3,male,Child,0,0,Cheap,S
221,0,2,male,Adult,0,0,Cheap,S
222,0,3,male,Adult,0,0,Cheap,S
223,0,3,male,missing,0,0,Cheap,S
224,1,1,male,Adult,1,0,Medium,S
225,0,3,male,Adult,0,0,Cheap,S
226,1,2,male,Adult,0,0,Cheap,S
227,0,3,male,Adult,0,0,Cheap,S
228,0,2,male,Adult,0,0,Cheap,S
229,0,3,female,missing,3,1,Medium,S
230,1,1,female,Adult,1,0,Medium,S
231,0,3,male,Adult,0,0,Cheap,S
232,0,2,male,Adult,0,0,Cheap,S
233,1,3,female,Child,4,2,Medium,S
234,0,2,male,Adult,0,0,Cheap,S
235,0,3,female,missing,0,0,Cheap,S
236,0,2,male,Adult,1,0,Medium,S
237,1,2,female,Child,0,2,Medium,S
238,0,2,male,Adult,0,0,Cheap,S
239,0,2,male,Adult,0,0,Cheap,S
240,0,3,female,missing,1,0,Cheap,C
241,1,3,female,missing,1,0,Cheap,Q
242,0,2,male,Adult,0,0,Cheap,S
243,0,3,male,Adult,0,0,Cheap,S
244,0,3,male,Adult,0,0,Cheap,C
245,0,1,male,Adult,2,0,Medium,Q
246,0,3,female,Adult,0,0,Cheap,S
247,1,2,female,Adult,0,2,Cheap,S
248,1,1,male,Adult,1,1,Medium,S
249,0,2,male,Adult,1,0,Medium,S
250,0,3,male,missing,0,0,Cheap,S
251,0,3,female,Adult,1,1,Cheap,S
252,0,1,male,Adult,0,0,Medium,S
253,0,3,male,Adult,1,0,Cheap,S
254,0,3,female,Adult,0,2,Medium,S
255,1,3,female,Adult,0,2,Cheap,C
256,1,1,female,missing,0,0,Medium,C
257,1,1,female,Adult,0,0,Medium,S
258,1,1,female,Adult,0,0,Pricey,C
259,1,2,female,Adult,0,1,Medium,S
260,0,3,male,missing,0,0,Cheap,Q
261,1,3,male,Child,4,2,Medium,S
262,0,1,male,Adult,1,1,Medium,S
263,0,1,male,Adult,0,0,missing,S
264,0,3,female,missing,0,0,Cheap,Q
265,0,2,male,Adult,0,0,Cheap,S
266,0,3,male,Child,4,1,Medium,S
267,1,3,male,Adult,1,0,Cheap,S
268,1,1,female,Adult,0,1,Pricey,S
269,1,1,female,Adult,0,0,Pricey,S
270,0,1,male,missing,0,0,Medium,S
271,1,3,male,Adult,0,0,missing,S
272,1,2,female,Adult,0,1,Cheap,S
273,0,1,male,Adult,0,1,Medium,C
274,1,3,female,missing,0,0,Cheap,Q
275,1,1,female,Adult,1,0,Medium,S
276,0,3,female,Adult,0,0,Cheap,S
277,0,2,male,missing,0,0,missing,S
278,0,3,male,Child,4,1,Medium,Q
279,1,3,female,Adult,1,1,Medium,S
280,0,3,male,Adult,0,0,Cheap,Q
281,0,3,male,Adult,0,0,Cheap,S
282,0,3,male,Child,0,0,Cheap,S
283,1,3,male,Adult,0,0,Cheap,S
284,0,1,male,missing,0,0,Medium,S
285,0,3,male,Adult,0,0,Cheap,C
286,1,3,male,Adult,0,0,Cheap,S
287,0,3,male,Adult,0,0,Cheap,S
288,1,2,male,Adult,0,0,Cheap,S
289,1,3,female,Adult,0,0,Cheap,Q
290,1,1,female,Adult,0,0,Medium,S
291,1,1,female,Adult,1,0,Medium,C
292,0,2,male,Adult,0,0,Cheap,C
293,0,3,female,Adult,0,0,Cheap,S
294,0,3,male,Adult,0,0,Cheap,S
295,0,1,male,missing,0,0,Medium,C
296,0,3,male,Adult,0,0,Cheap,C
297,0,1,female,Baby,1,2,Pricey,S
298,1,1,male,missing,0,0,Medium,S
299,1,1,female,Adult,0,1,Pricey,C
300,1,3,female,missing,0,0,Cheap,Q
301,1,3,male,missing,2,0,Medium,Q
302,0,3,male,Adult,0,0,missing,S
303,1,2,female,missing,0,0,Cheap,Q
304,0,3,male,missing,0,0,Cheap,S
305,1,1,male,Baby,1,2,Pricey,S
306,1,1,female,missing,0,0,Pricey,C
307,1,1,female,Child,1,0,Pricey,C
308,0,2,male,Adult,1,0,Medium,C
309,1,1,female,Adult,0,0,Medium,C
310,1,1,female,Adult,0,0,Medium,C
311,1,1,female,Adult,2,2,Pricey,C
312,0,2,female,Adult,1,1,Medium,S
313,0,3,male,Adult,0,0,Cheap,S
314,0,2,male,Adult,1,1,Medium,S
315,1,3,female,Adult,0,0,Cheap,S
316,1,2,female,Adult,1,0,Medium,S
317,0,2,male,Adult,0,0,Cheap,S
318,1,1,female,Adult,0,2,Pricey,S
319,1,1,female,Adult,1,1,Pricey,C
320,0,3,male,Adult,0,0,Cheap,S
321,0,3,male,Adult,0,0,Cheap,S
322,1,2,female,Adult,0,0,Cheap,Q
323,1,2,female,Adult,1,1,Medium,S
324,0,3,male,missing,8,2,Medium,S
325,1,1,female,Adult,0,0,Pricey,C
326,0,3,male,Adult,0,0,Cheap,S
327,1,2,female,Adult,0,0,Cheap,S
328,1,3,female,Adult,1,1,Medium,S
329,1,1,female,Child,0,1,Medium,C
330,1,3,female,missing,2,0,Medium,Q
331,0,1,male,Adult,0,0,Medium,S
332,0,1,male,Adult,0,1,Pricey,S
333,0,3,male,Child,2,0,Cheap,S
334,1,1,female,missing,1,0,Pricey,S
335,0,3,male,missing,0,0,Cheap,S
336,0,1,male,Adult,1,0,Medium,S
337,1,1,female,Adult,0,0,Pricey,C
338,1,3,male,Adult,0,0,Cheap,S
339,0,1,male,Adult,0,0,Medium,S
340,1,2,male,Baby,1,1,Medium,S
341,1,1,female,Adult,3,2,Pricey,S
342,0,2,male,Adult,0,0,Cheap,S
343,0,2,male,Adult,0,0,Cheap,S
344,0,2,male,Adult,0,0,Cheap,S
345,1,2,female,Adult,0,0,Cheap,S
346,1,2,female,Adult,0,0,Cheap,S
347,1,3,female,missing,1,0,Cheap,S
348,1,3,male,Child,1,1,Cheap,S
349,0,3,male,Adult,0,0,Cheap,S
350,0,3,male,Adult,0,0,Cheap,S
351,0,1,male,missing,0,0,Medium,S
352,0,3,male,Child,1,1,Cheap,C
353,0,3,male,Adult,1,0,Cheap,S
354,0,3,male,missing,0,0,Cheap,C
355,0,3,male,Adult,0,0,Cheap,S
356,1,1,female,Adult,0,1,Medium,S
357,0,2,female,Adult,0,0,Cheap,S
358,1,3,female,missing,0,0,Cheap,Q
359,1,3,female,missing,0,0,Cheap,Q
360,0,3,male,Adult,1,4,Medium,S
361,0,2,male,Adult,1,0,Medium,C
362,0,3,female,Adult,0,1,Cheap,C
363,0,3,male,Adult,0,0,Cheap,S
364,0,3,male,missing,1,0,Cheap,Q
365,0,3,male,Adult,0,0,Cheap,S
366,1,1,female,Adult,1,0,Medium,C
367,1,3,female,missing,0,0,Cheap,C
368,1,3,female,missing,0,0,Cheap,Q
369,1,1,female,Adult,0,0,Medium,C
370,1,1,male,Adult,1,0,Medium,C
371,0,3,male,Adult,1,0,Cheap,S
372,0,3,male,Adult,0,0,Cheap,S
373,0,1,male,Adult,0,0,Pricey,C
374,0,3,female,Child,3,1,Medium,S
375,1,1,female,missing,1,0,Medium,C
376,1,3,female,Adult,0,0,Cheap,S
377,0,1,male,Adult,0,2,Pricey,C
378,0,3,male,Adult,0,0,Cheap,C
379,0,3,male,Adult,0,0,Cheap,S
380,1,1,female,Adult,0,0,Pricey,C
381,1,3,female,Baby,0,2,Cheap,C
382,0,3,male,Adult,0,0,Cheap,S
383,1,1,female,Adult,1,0,Medium,S
384,0,3,male,missing,0,0,Cheap,S
385,0,2,male,Adult,0,0,Medium,S
386,0,3,male,Baby,5,2,Medium,S
387,1,2,female,Adult,0,0,Cheap,S
388,0,3,male,missing,0,0,Cheap,Q
389,1,2,female,Child,0,0,Cheap,C
390,1,1,male,Adult,1,2,Pricey,S
391,1,3,male,Adult,0,0,Cheap,S
392,0,3,male,Adult,2,0,Cheap,S
393,1,1,female,Adult,1,0,Pricey,C
394,1,3,female,Adult,0,2,Cheap,S
395,0,3,male,Adult,0,0,Cheap,S
396,0,3,female,Adult,0,0,Cheap,S
397,0,2,male,Adult,0,0,Medium,S
398,0,2,male,Adult,0,0,Cheap,S
399,1,2,female,Adult,0,0,Cheap,S
400,1,3,male,Adult,0,0,Cheap,S
401,0,3,male,Adult,0,0,Cheap,S
402,0,3,female,Adult,1,0,Cheap,S
403,0,3,male,Adult,1,0,Cheap,S
404,0,3,female,Adult,0,0,Cheap,S
405,0,2,male,Adult,1,0,Medium,S
406,0,3,male,Adult,0,0,Cheap,S
407,1,2,male,Child,1,1,Cheap,S
408,0,3,male,Adult,0,0,Cheap,S
409,0,3,female,missing,3,1,Medium,S
410,0,3,male,missing,0,0,Cheap,S
411,0,3,male,missing,0,0,Cheap,Q
412,1,1,female,Adult,1,0,Medium,Q
413,0,2,male,missing,0,0,missing,S
414,1,3,male,Adult,0,0,Cheap,S
415,0,3,female,missing,0,0,Cheap,S
416,1,2,female,Adult,1,1,Medium,S
417,1,2,female,Adult,0,2,Cheap,S
418,0,2,male,Adult,0,0,Cheap,S
419,0,3,female,Child,0,2,Medium,S
420,0,3,male,missing,0,0,Cheap,C
421,0,3,male,Adult,0,0,Cheap,Q
422,0,3,male,Adult,0,0,Cheap,S
423,0,3,female,Adult,1,1,Cheap,S
424,0,3,male,Adult,1,1,Medium,S
425,0,3,male,missing,0,0,Cheap,S
426,1,2,female,Adult,1,0,Medium,S
427,1,2,female,Adult,0,0,Medium,S
428,0,3,male,missing,0,0,Cheap,Q
429,1,3,male,Adult,0,0,Cheap,S
430,1,1,male,Adult,0,0,Medium,S
431,1,3,female,missing,1,0,Cheap,S
432,1,2,female,Adult,1,0,Medium,S
433,0,3,male,Child,0,0,Cheap,S
434,0,1,male,Adult,1,0,Medium,S
435,1,1,female,Child,1,2,Pricey,S
436,0,3,female,Adult,2,2,Medium,S
437,1,2,female,Adult,2,3,Cheap,S
438,0,1,male,Adult,1,4,Pricey,S
439,0,2,male,Adult,0,0,Cheap,S
440,1,2,female,Adult,1,1,Medium,S
441,0,3,male,Adult,0,0,Cheap,S
442,0,3,male,Adult,1,0,Cheap,S
443,1,2,female,Adult,0,0,Cheap,S
444,1,3,male,missing,0,0,Cheap,S
445,1,1,male,Child,0,2,Medium,S
446,1,2,female,Child,0,1,Cheap,S
447,1,1,male,Adult,0,0,Medium,S
448,1,3,female,Child,2,1,Cheap,C
449,1,1,male,Adult,0,0,Medium,S
450,0,2,male,Adult,1,2,Medium,S
451,0,3,male,missing,1,0,Cheap,S
452,0,1,male,Adult,0,0,Medium,C
453,1,1,male,Adult,1,0,Medium,C
454,0,3,male,missing,0,0,Cheap,S
455,1,3,male,Adult,0,0,Cheap,C
456,0,1,male,Adult,0,0,Medium,S
457,1,1,female,missing,1,0,Medium,S
458,1,2,female,Adult,0,0,Cheap,S
459,0,3,male,missing,0,0,Cheap,Q
460,1,1,male,Adult,0,0,Medium,S
461,0,3,male,Adult,0,0,Cheap,S
462,0,1,male,Adult,0,0,Medium,S
463,0,2,male,Adult,0,0,Cheap,S
464,0,3,male,missing,0,0,Cheap,S
465,0,3,male,Adult,0,0,Cheap,S
466,0,2,male,missing,0,0,missing,S
467,0,1,male,Adult,0,0,Medium,S
468,0,3,male,missing,0,0,Cheap,Q
469,1,3,female,Baby,2,1,Cheap,C
470,0,3,male,missing,0,0,Cheap,S
471,0,3,male,Adult,0,0,Cheap,S
472,1,2,female,Adult,1,2,Medium,S
473,1,2,female,Adult,0,0,Cheap,C
474,0,3,female,Adult,0,0,Cheap,S
475,0,1,male,missing,0,0,Medium,S
476,0,2,male,Adult,1,0,Medium,S
477,0,3,male,Adult,1,0,Cheap,S
478,0,3,male,Adult,0,0,Cheap,S
479,1,3,female,Baby,0,1,Cheap,S
480,0,3,male,Child,5,2,Medium,S
481,0,2,male,missing,0,0,missing,S
482,0,3,male,Adult,0,0,Cheap,S
483,1,3,female,Adult,0,0,Cheap,S
484,1,1,male,Adult,1,0,Medium,C
485,0,3,female,missing,3,1,Medium,S
486,1,1,female,Adult,1,0,Medium,S
487,0,1,male,Adult,0,0,Medium,C
488,0,3,male,Adult,0,0,Cheap,S
489,1,3,male,Child,1,1,Cheap,S
490,0,3,male,missing,1,0,Cheap,S
491,0,3,male,Adult,0,0,Cheap,S
492,0,1,male,Adult,0,0,Medium,S
493,0,1,male,Elderly,0,0,Medium,C
494,0,3,male,Adult,0,0,Cheap,S
495,0,3,male,missing,0,0,Cheap,C
496,1,1,female,Adult,1,0,Medium,C
497,0,3,male,missing,0,0,Cheap,S
498,0,1,female,Adult,1,2,Pricey,S
499,0,3,male,Adult,0,0,Cheap,S
500,0,3,male,Child,0,0,Cheap,S
501,0,3,female,Adult,0,0,Cheap,Q
502,0,3,female,missing,0,0,Cheap,Q
503,0,3,female,Adult,0,0,Cheap,S
504,1,1,female,Child,0,0,Medium,S
505,0,1,male,Adult,1,0,Pricey,C
506,1,2,female,Adult,0,2,Medium,S
507,1,1,male,missing,0,0,Medium,S
508,0,3,male,Adult,0,0,Medium,S
509,1,3,male,Adult,0,0,Medium,S
510,1,3,male,Adult,0,0,Cheap,Q
511,0,3,male,missing,0,0,Cheap,S
512,1,1,male,Adult,0,0,Medium,S
513,1,1,female,Adult,1,0,Medium,C
514,0,3,male,Adult,0,0,Cheap,S
515,0,1,male,Adult,0,0,Medium,S
516,1,2,female,Adult,0,0,Cheap,S
517,0,3,male,missing,0,0,Medium,Q
518,1,2,female,Adult,1,0,Medium,S
519,0,3,male,Adult,0,0,Cheap,S
520,1,1,female,Adult,0,0,Medium,S
521,0,3,male,Adult,0,0,Cheap,S
522,0,3,male,missing,0,0,Cheap,C
523,1,1,female,Adult,0,1,Medium,C
524,0,3,male,missing,0,0,Cheap,C
525,0,3,male,Adult,0,0,Cheap,Q
526,1,2,female,Adult,0,0,Cheap,S
527,0,1,male,missing,0,0,Pricey,S
528,0,3,male,Adult,0,0,Cheap,S
529,0,2,male,Adult,2,1,Cheap,S
530,1,2,female,Baby,1,1,Medium,S
531,0,3,male,missing,0,0,Cheap,C
532,0,3,male,Child,1,1,Cheap,C
533,1,3,female,missing,0,2,Medium,C
534,0,3,female,Adult,0,0,Cheap,S
535,1,2,female,Child,0,2,Medium,S
536,0,1,male,Adult,0,0,Medium,S
537,1,1,female,Adult,0,0,Pricey,C
538,0,3,male,missing,0,0,Cheap,S
539,1,1,female,Adult,0,2,Medium,C
540,1,1,female,Adult,0,2,Medium,S
541,0,3,female,Child,4,2,Medium,S
542,0,3,female,Child,4,2,Medium,S
543,1,2,male,Adult,1,0,Medium,S
544,0,1,male,Adult,1,0,Pricey,C
545,0,1,male,Adult,0,0,Medium,S
546,1,2,female,Adult,1,0,Medium,S
547,1,2,male,missing,0,0,Cheap,C
548,0,3,male,Adult,1,1,Medium,S
549,1,2,male,Child,1,1,Medium,S
550,1,1,male,Child,0,2,Pricey,C
551,0,2,male,Adult,0,0,Medium,S
552,0,3,male,missing,0,0,Cheap,Q
553,1,3,male,Adult,0,0,Cheap,C
554,1,3,female,Adult,0,0,Cheap,S
555,0,1,male,Adult,0,0,Medium,S
556,1,1,female,Adult,1,0,Medium,C
557,0,1,male,missing,0,0,Pricey,C
558,1,1,female,Adult,1,1,Medium,S
559,1,3,female,Adult,1,0,Cheap,S
560,0,3,male,missing,0,0,Cheap,Q
561,0,3,male,Adult,0,0,Cheap,S
562,0,2,male,Adult,0,0,Cheap,S
563,0,3,male,missing,0,0,Cheap,S
564,0,3,female,missing,0,0,Cheap,S
565,0,3,male,Adult,2,0,Medium,S
566,0,3,male,Adult,0,0,Cheap,S
567,0,3,female,Adult,0,4,Medium,S
568,0,3,male,missing,0,0,Cheap,C
569,1,3,male,Adult,0,0,Cheap,S
570,1,2,male,Adult,0,0,Cheap,S
571,1,1,female,Adult,2,0,Medium,S
572,1,1,male,Adult,0,0,Medium,S
573,1,3,female,missing,0,0,Cheap,Q
574,0,3,male,Child,0,0,Cheap,S
575,0,3,male,Adult,0,0,Cheap,S
576,1,2,female,Adult,0,0,Cheap,S
577,1,1,female,Adult,1,0,Medium,S
578,0,3,female,missing,1,0,Cheap,C
579,1,3,male,Adult,0,0,Cheap,S
580,1,2,female,Adult,1,1,Medium,S
581,1,1,female,Adult,1,1,Pricey,C
582,0,2,male,Adult,0,0,Medium,S
583,0,1,male,Adult,0,0,Medium,C
584,0,3,male,missing,0,0,Cheap,C
585,1,1,female,Adult,0,2,Medium,S
586,0,2,male,Adult,0,0,Cheap,S
587,1,1,male,Adult,1,1,Medium,C
588,0,3,male,Adult,0,0,Cheap,S
589,0,3,male,missing,0,0,Cheap,S
590,0,3,male,Adult,0,0,Cheap,S
591,1,1,female,Adult,1,0,Medium,C
592,0,3,male,Adult,0,0,Cheap,S
593,0,3,female,missing,0,2,Cheap,Q
594,0,2,male,Adult,1,0,Medium,S
595,0,3,male,Adult,1,1,Medium,S
596,1,2,female,missing,0,0,Medium,S
597,0,3,male,Adult,0,0,missing,S
598,0,3,male,missing,0,0,Cheap,C
599,1,1,male,Adult,1,0,Medium,C
600,1,2,female,Adult,2,1,Medium,S
601,0,3,male,missing,0,0,Cheap,S
602,0,1,male,missing,0,0,Medium,S
603,0,3,male,Adult,0,0,Cheap,S
604,1,1,male,Adult,0,0,Medium,C
605,0,3,male,Adult,1,0,Cheap,S
606,0,3,male,Adult,0,0,Cheap,S
607,1,1,male,Adult,0,0,Medium,S
608,1,2,female,Adult,1,2,Medium,C
609,1,1,female,Adult,0,0,Pricey,S
610,0,3,female,Adult,1,5,Medium,S
611,0,3,male,missing,0,0,Cheap,S
612,1,3,female,missing,1,0,Cheap,Q
613,0,3,male,missing,0,0,Cheap,Q
614,0,3,male,Adult,0,0,Cheap,S
615,1,2,female,Adult,1,2,Medium,S
616,0,3,male,Adult,1,1,Cheap,S
617,0,3,female,Adult,1,0,Cheap,S
618,1,2,female,Child,2,1,Medium,S
619,0,2,male,Adult,0,0,Cheap,S
620,0,3,male,Adult,1,0,Cheap,C
621,1,1,male,Adult,1,0,Medium,S
622,1,3,male,Adult,1,1,Cheap,C
623,0,3,male,Adult,0,0,Cheap,S
624,0,3,male,Adult,0,0,Cheap,S
625,0,1,male,Adult,0,0,Medium,S
626,0,2,male,Adult,0,0,Cheap,Q
627,1,1,female,Adult,0,0,Medium,S
628,0,3,male,Adult,0,0,Cheap,S
629,0,3,male,missing,0,0,Cheap,Q
630,1,1,male,Elderly,0,0,Medium,S
631,0,3,male,Adult,0,0,Cheap,S
632,1,1,male,Adult,0,0,Medium,C
633,0,1,male,missing,0,0,missing,S
634,0,3,female,Child,3,2,Medium,S
635,1,2,female,Adult,0,0,Cheap,S
636,0,3,male,Adult,0,0,Cheap,S
637,0,2,male,Adult,1,1,Medium,S
638,0,3,female,Adult,0,5,Medium,S
639,0,3,male,missing,1,0,Cheap,S
640,0,3,male,Adult,0,0,Cheap,S
641,1,1,female,Adult,0,0,Medium,C
642,0,3,female,Baby,3,2,Medium,S
643,1,3,male,missing,0,0,Medium,S
644,1,3,female,Baby,2,1,Cheap,C
645,1,1,male,Adult,1,0,Medium,C
646,0,3,male,Adult,0,0,Cheap,S
647,1,1,male,Adult,0,0,Medium,C
648,0,3,male,missing,0,0,Cheap,S
649,1,3,female,Adult,0,0,Cheap,S
650,0,3,male,missing,0,0,Cheap,S
651,1,2,female,Adult,0,1,Medium,S
652,0,3,male,Adult,0,0,Cheap,S
653,1,3,female,missing,0,0,Cheap,Q
654,0,3,female,Adult,0,0,Cheap,Q
655,0,2,male,Adult,2,0,Medium,S
656,0,3,male,missing,0,0,Cheap,S
657,0,3,female,Adult,1,1,Cheap,Q
658,0,2,male,Adult,0,0,Cheap,S
659,0,1,male,Adult,0,2,Pricey,C
660,1,1,male,Adult,2,0,Pricey,S
661,0,3,male,Adult,0,0,Cheap,C
662,0,1,male,Adult,0,0,Medium,S
663,0,3,male,Adult,0,0,Cheap,S
664,1,3,male,Adult,1,0,Cheap,S
665,0,2,male,Adult,2,0,Medium,S
666,0,2,male,Adult,0,0,Cheap,S
667,0,3,male,missing,0,0,Cheap,S
668,0,3,male,Adult,0,0,Cheap,S
669,1,1,female,missing,1,0,Medium,S
670,1,2,female,Adult,1,1,Medium,S
671,0,1,male,Adult,1,0,Medium,S
672,0,2,male,Elderly,0,0,Cheap,S
673,1,2,male,Adult,0,0,Cheap,S
674,0,2,male,missing,0,0,missing,S
675,0,3,male,Adult,0,0,Cheap,S
676,0,3,male,Adult,0,0,Cheap,S
677,1,3,female,Adult,0,0,Cheap,S
678,0,3,female,Adult,1,6,Medium,S
679,1,1,male,Adult,0,1,Pricey,C
680,0,3,female,missing,0,0,Cheap,Q
681,1,1,male,Adult,0,0,Medium,C
682,0,3,male,Adult,0,0,Cheap,S
683,0,3,male,Child,5,2,Medium,S
684,0,2,male,Adult,1,1,Medium,S
685,0,2,male,Adult,1,2,Medium,C
686,0,3,male,Child,4,1,Medium,S
687,0,3,male,Adult,0,0,Cheap,S
688,0,3,male,Adult,0,0,Cheap,S
689,1,1,female,Child,0,1,Pricey,S
690,1,1,male,Adult,1,0,Medium,S
691,1,3,female,Child,0,1,Cheap,C
692,1,3,male,missing,0,0,Medium,S
693,0,3,male,Adult,0,0,Cheap,C
694,0,1,male,Adult,0,0,Medium,S
695,0,2,male,Adult,0,0,Cheap,S
696,0,3,male,Adult,0,0,Cheap,S
697,1,3,female,missing,0,0,Cheap,Q
698,0,1,male,Adult,1,1,Pricey,C
699,0,3,male,Adult,0,0,Cheap,S
700,1,1,female,Adult,1,0,Pricey,C
701,1,1,male,Adult,0,0,Medium,S
702,0,3,female,Adult,0,1,Cheap,C
703,0,3,male,Adult,0,0,Cheap,Q
704,0,3,male,Adult,1,0,Cheap,S
705,0,2,male,Adult,0,0,Medium,S
706,1,2,female,Adult,0,0,Cheap,S
707,1,1,male,Adult,0,0,Medium,S
708,1,1,female,Adult,0,0,Pricey,S
709,1,3,male,missing,1,1,Cheap,C
710,1,1,female,Adult,0,0,Medium,C
711,0,1,male,missing,0,0,Medium,S
712,1,1,male,Adult,1,0,Medium,S
713,0,3,male,Adult,0,0,Cheap,S
714,0,2,male,Adult,0,0,Cheap,S
715,0,3,male,Adult,0,0,Cheap,S
716,1,1,female,Adult,0,0,Pricey,C
717,1,2,female,Adult,0,0,Cheap,S
718,0,3,male,missing,0,0,Cheap,Q
719,0,3,male,Adult,0,0,Cheap,S
720,1,2,female,Child,0,1,Medium,S
721,0,3,male,Child,1,0,Cheap,S
722,0,2,male,Adult,0,0,Cheap,S
723,0,2,male,Adult,0,0,Cheap,S
724,1,1,male,Adult,1,0,Medium,S
725,0,3,male,Adult,0,0,Cheap,S
726,1,2,female,Adult,3,0,Medium,S
727,1,3,female,missing,0,0,Cheap,Q
728,0,2,male,Adult,1,0,Medium,S
729,0,3,female,Adult,1,0,Cheap,S
730,1,1,female,Adult,0,0,Pricey,S
731,0,3,male,Child,0,0,Cheap,C
732,0,2,male,missing,0,0,missing,S
733,0,2,male,Adult,0,0,Cheap,S
734,0,2,male,Adult,0,0,Cheap,S
735,0,3,male,Adult,0,0,Cheap,S
736,0,3,female,Adult,1,3,Medium,S
737,1,1,male,Adult,0,0,Pricey,C
738,0,3,male,missing,0,0,Cheap,S
739,0,3,male,missing,0,0,Cheap,S
740,1,1,male,missing,0,0,Medium,S
741,0,1,male,Adult,1,0,Medium,S
742,1,1,female,Adult,2,2,Pricey,C
743,0,3,male,Adult,1,0,Cheap,S
744,1,3,male,Adult,0,0,Cheap,S
745,0,1,male,Elderly,1,1,Medium,S
746,0,3,male,Child,1,1,Medium,S
747,1,2,female,Adult,0,0,Cheap,S
748,0,1,male,Adult,1,0,Medium,S
749,0,3,male,Adult,0,0,Cheap,Q
750,1,2,female,Child,1,1,Medium,S
751,1,3,male,Child,0,1,Cheap,S
752,0,3,male,Adult,0,0,Cheap,S
753,0,3,male,Adult,0,0,Cheap,S
754,1,2,female,Adult,1,2,Medium,S
755,1,2,male,Baby,1,1,Cheap,S
756,0,3,male,Adult,0,0,Cheap,S
757,0,2,male,Adult,0,0,Cheap,S
758,0,3,male,Adult,0,0,Cheap,S
759,1,1,female,Adult,0,0,Medium,S
760,0,3,male,missing,0,0,Cheap,S
761,0,3,male,Adult,0,0,Cheap,S
762,1,3,male,Adult,0,0,Cheap,C
763,1,1,female,Adult,1,2,Pricey,S
764,0,3,male,Child,0,0,Cheap,S
765,1,1,female,Adult,1,0,Medium,S
766,0,1,male,missing,0,0,Medium,C
767,0,3,female,Adult,0,0,Cheap,Q
768,0,3,male,missing,1,0,Medium,Q
769,0,3,male,Adult,0,0,Cheap,S
770,0,3,male,Adult,0,0,Cheap,S
771,0,3,male,Adult,0,0,Cheap,S
772,0,2,female,Adult,0,0,Cheap,S
773,0,3,male,missing,0,0,Cheap,C
774,1,2,female,Adult,1,3,Medium,S
775,0,3,male,Adult,0,0,Cheap,S
776,0,3,male,missing,0,0,Cheap,Q
777,1,3,female,Child,0,0,Cheap,S
778,0,3,male,missing,0,0,Cheap,Q
779,1,1,female,Adult,0,1,Pricey,S
780,1,3,female,Child,0,0,Cheap,C
781,1,1,female,Child,1,0,Medium,S
782,0,1,male,Adult,0,0,Medium,S
783,0,3,male,missing,1,2,Medium,S
784,0,3,male,Adult,0,0,Cheap,S
785,0,3,male,Adult,0,0,Cheap,S
786,1,3,female,Adult,0,0,Cheap,S
787,0,3,male,Child,4,1,Medium,Q
788,1,3,male,Baby,1,2,Medium,S
789,0,1,male,Adult,0,0,Medium,C
790,0,3,male,missing,0,0,Cheap,Q
791,0,2,male,Child,0,0,Medium,S
792,0,3,female,missing,8,2,Medium,S
793,0,1,male,missing,0,0,Medium,C
794,0,3,male,Adult,0,0,Cheap,S
795,0,2,male,Adult,0,0,Cheap,S
796,1,1,female,Adult,0,0,Medium,S
797,1,3,female,Adult,0,0,Cheap,S
798,0,3,male,Adult,0,0,Cheap,C
799,0,3,female,Adult,1,1,Medium,S
800,0,2,male,Adult,0,0,Cheap,S
801,1,2,female,Adult,1,1,Medium,S
802,1,1,male,Child,1,2,Pricey,S
803,1,3,male,Baby,0,1,Cheap,C
804,1,3,male,Adult,0,0,Cheap,S
805,0,3,male,Adult,0,0,Cheap,S
806,0,1,male,Adult,0,0,missing,S
807,0,3,female,Adult,0,0,Cheap,S
808,0,2,male,Adult,0,0,Cheap,S
809,1,1,female,Adult,1,0,Medium,S
810,0,3,male,Adult,0,0,Cheap,S
811,0,3,male,Adult,0,0,Medium,S
812,0,2,male,Adult,0,0,Cheap,S
813,0,3,female,Child,4,2,Medium,S
814,0,3,male,Adult,0,0,Cheap,S
815,0,1,male,missing,0,0,missing,S
816,0,3,female,Adult,0,0,Cheap,S
817,0,2,male,Adult,1,1,Medium,C
818,0,3,male,Adult,0,0,Cheap,S
819,0,3,male,Child,3,2,Medium,S
820,1,1,female,Adult,1,1,Medium,S
821,1,3,male,Adult,0,0,Cheap,S
822,0,1,male,Adult,0,0,missing,S
823,1,3,female,Adult,0,1,Cheap,S
824,0,3,male,Baby,4,1,Medium,S
825,0,3,male,missing,0,0,Cheap,Q
826,0,3,male,missing,0,0,Medium,S
827,1,2,male,Baby,0,2,Medium,C
828,1,3,male,missing,0,0,Cheap,Q
829,1,1,female,Adult,0,0,Medium,S
830,1,3,female,Child,1,0,Cheap,C
831,1,2,male,Baby,1,1,Cheap,S
832,0,3,male,missing,0,0,Cheap,C
833,0,3,male,Adult,0,0,Cheap,S
834,0,3,male,Adult,0,0,Cheap,S
835,1,1,female,Adult,1,1,Medium,C
836,0,3,male,Adult,0,0,Cheap,S
837,0,3,male,missing,0,0,Cheap,S
838,1,3,male,Adult,0,0,Medium,S
839,1,1,male,missing,0,0,Medium,C
840,0,3,male,Adult,0,0,Cheap,S
841,0,2,male,Child,0,0,Cheap,S
842,1,1,female,Adult,0,0,Medium,C
843,0,3,male,Adult,0,0,Cheap,C
844,0,3,male,Child,0,0,Cheap,S
845,0,3,male,Adult,0,0,Cheap,S
846,0,3,male,missing,8,2,Medium,S
847,0,3,male,Adult,0,0,Cheap,C
848,0,2,male,Adult,0,1,Medium,S
849,1,1,female,missing,1,0,Medium,C
850,0,3,male,Child,4,2,Medium,S
851,0,3,male,Elderly,0,0,Cheap,S
852,0,3,female,Child,1,1,Cheap,C
853,1,1,female,Child,0,1,Medium,S
854,0,2,female,Adult,1,0,Medium,S
855,1,3,female,Adult,0,1,Cheap,S
856,1,1,female,Adult,1,1,Pricey,S
857,1,1,male,Adult,0,0,Medium,S
858,1,3,female,Adult,0,3,Cheap,C
859,0,3,male,missing,0,0,Cheap,C
860,0,3,male,Adult,2,0,Cheap,S
861,0,2,male,Adult,1,0,Cheap,S
862,1,1,female,Adult,0,0,Medium,S
863,0,3,female,missing,8,2,Medium,S
864,0,2,male,Adult,0,0,Cheap,S
865,1,2,female,Adult,0,0,Cheap,S
866,1,2,female,Adult,1,0,Cheap,C
867,0,1,male,Adult,0,0,Medium,S
868,0,3,male,missing,0,0,Cheap,S
869,1,3,male,Child,1,1,Cheap,S
870,0,3,male,Adult,0,0,Cheap,S
871,1,1,female,Adult,1,1,Medium,S
872,0,1,male,Adult,0,0,Cheap,S
873,0,3,male,Adult,0,0,Cheap,S
874,1,2,female,Adult,1,0,Medium,C
875,1,3,female,Child,0,0,Cheap,C
876,0,3,male,Adult,0,0,Cheap,S
877,0,3,male,Adult,0,0,Cheap,S
878,0,3,male,missing,0,0,Cheap,S
879,1,1,female,Adult,0,1,Medium,C
880,1,2,female,Adult,0,1,Medium,S
881,0,3,male,Adult,0,0,Cheap,S
882,0,3,female,Adult,0,0,Cheap,S
883,0,2,male,Adult,0,0,Cheap,S
884,0,3,male,Adult,0,0,Cheap,S
885,0,3,female,Adult,0,5,Medium,Q
886,0,2,male,Adult,0,0,Cheap,S
887,1,1,female,Adult,0,0,Medium,S
888,0,3,female,missing,1,2,Medium,S
889,1,1,male,Adult,0,0,Medium,C
890,0,3,male,Adult,0,0,Cheap,Q
